"id","name","title","company_id","is_human","primary_phone","business_city","web_page","user_id"
1,"CSI_Industries"," ",,0,2349206662,"Mumbai","www.csindustries.com",""
2,"John@rokadia.firm.in","Manager",3,1,7763232324,"Mumbai","www.abcindustries.com",""
3,"rokadia industries"," "," ",0,8756543233,"Chennai","www.abcindustries.com",""
4,"Adam@csindustries.com","Assistant_manager",1,1,4598530284,"Mumbai","mumbai.csindustries.com",1
5,"Hugo@csindustries.com","Director",1,1,6195892374,"Delhi","delhi.csindustries.com",""
6,"Jane@csindustries.com","Admin_Assistant",1,1,7657293429,"Chennai","chennai.csindustries.com",""
7,"CSV_PTY_LTD",,,0,5350245443,"Kolkatta","www.csv-pty-ltd.com",
8,"Nancy@csv-pty-ltd.com","Analyst",7,1,4543392333,"New_york","www.csv-pty-ltd.com",
9,"HDSD_BANK",,,0,2233526435,"Seoul","www.hdsd-bank.kr",
10,"Jack@hdsd-bank.kr","Sr_Manager",10,1,7287225733,"Seoul","jojo.hdsd-bank.kr",
11,"Victor@hdsd-bank.kr","MTS",10,1,3568023432,"Tokyo","www.hdsd-bank.kr",
12,"YM_ASSOCIATES","NULL",,0,5443422495,"Shanghai","www.ym-associates.cn",
13,"Jorge@ym-associates.cn","Associate",12,1,5632753077,"Hong_Kong","www.ym-associates.cn",
14,"Dexter@ym-associates.cn","Technician",12,1,5610572452,"Bangkok","corp.ym-associates.cn",

