id,attr,category,class,description,is_default,sequence,value
1,initialized,,Master,Initialization routine,0,1,1
2,begin_date,,Master,Beginning for Financial Year,0,1,2011-04-01
3,end_date,,Master,End of FY,0,1,3/31/2012
4,transport_mode,,Master,By Road,1,1,Road
5,transport_mode,,Master,By Sea,0,2,Sea
6,transport_mode,,Master,By Air,0,3,Air
7,transport_mode,,Master,By Rail,0,4,Rail
8,contact_type,,Contact,Individual,0,1,Individual
9,contact_type,,Contact,Company,1,2,Company
10,office_role,,User,Sales Executive,1,1,Sales Executive
11,office_role,,User,Owner,0,1,Owner
12,task_status,task,Task,Incomplete,1,1,Incomplete
13,task_status,task,Task,Complete,1,1,Complete
14,task_status,message,Task,Read,1,1,Read
15,task_status,message,Task,Unread,1,1,Unread
