"id","assigned_by","name","assigned_to","due_date","description","task_status"
1,2,"call_Jorge",4,2011-02-14,"Discuss_china_strategy","Success"
2,2,"meet_nancy",4,2011-02-14,"Discuss_logistics","Incomplete"
3,4,"Tokyo_meeting",5,27/02/12,"Close_the_deal","Incomplete"
4,4,"review_proposal",5,25/02/12,"Tie_all_loose_ends","Incomplete"
5,4,"collect_payment",5,17/02/12,"At_least_seventy_percent","Success"
6,2,"call_for_invoice",13,23/02/12,"Make_sure_they_fax","Incomplete"
7,2,"Draft_proposal",14,26/02/12,"Typos_and_numbers","Incomplete"
8,8,"Train_delhi",10,17/03/12,"Meet_the_minister","Success"
9,13,"collect_payment",10,16/02/12,"Been_trying_for_long","Fail"
